﻿<?xml version="1.0" encoding="utf-8" ?>
<Defs>


	<!--================================ Abstract bases ======================================-->

	<ThingDef ParentName="BuildingBase">
		<defName>Cooler</defName>
		<label>cooler</label>
		<description>An air-cooling machine that fits into a wall. Cool air comes out one side, while hot exhaust comes out the other. Can be used to cool down rooms during summer, or to create a walk-in freezer.</description>
		<thingClass>EnhancedDevelopment.ReverseCycleCooler.Building_ReverseCycleCooler</thingClass>
		<graphicData>
			<texPath>Things/Building/Misc/TempControl/Cooler</texPath>
			<graphicClass>Graphic_Multi</graphicClass>
			<damageData>
				<cornerTL>Damage/Corner</cornerTL>
				<cornerTR>Damage/Corner</cornerTR>
				<cornerBL>Damage/Corner</cornerBL>
				<cornerBR>Damage/Corner</cornerBR>
			</damageData>
		</graphicData>
		<altitudeLayer>Building</altitudeLayer>
		<passability>Impassable</passability>
		<blockWind>true</blockWind>
		<fillPercent>1</fillPercent>
		<coversFloor>true</coversFloor>
		<blockLight>true</blockLight>
		<canOverlapZones>false</canOverlapZones>
		<castEdgeShadows>true</castEdgeShadows>
		<staticSunShadowHeight>1.0</staticSunShadowHeight>
		<statBases>
			<WorkToBuild>1600</WorkToBuild>
			<MaxHitPoints>100</MaxHitPoints>
			<Flammability>0.7</Flammability>
		</statBases>
		<tickerType>Rare</tickerType>
		<costList>
			<Steel>90</Steel>
			<ComponentIndustrial>3</ComponentIndustrial>
		</costList>
		<terrainAffordanceNeeded>Medium</terrainAffordanceNeeded>
		<placeWorkers>
			<li>EnhancedDevelopment.ReverseCycleCooler.PlaceWorker_ReverseCycleCooler</li>
		</placeWorkers>
		<drawPlaceWorkersWhileSelected>true</drawPlaceWorkersWhileSelected>
		<building>
			<canPlaceOverWall>true</canPlaceOverWall>
		</building>
		<comps>
			<li Class="CompProperties_Power">
				<compClass>CompPowerTrader</compClass>
				<basePowerConsumption>200</basePowerConsumption>
			</li>
			<li Class="CompProperties_Flickable"/>
			<li Class="CompProperties_TempControl">
				<energyPerSecond>-21</energyPerSecond>
			</li>
			<li Class="CompProperties_Breakdownable"/>
		</comps>
		<designationCategory>Temperature</designationCategory>
		<designationHotKey>Misc4</designationHotKey>
		<researchPrerequisites>
			<li>AirConditioning</li>
		</researchPrerequisites>
		<constructionSkillPrerequisite>5</constructionSkillPrerequisite>
	</ThingDef>

</Defs>